Date,Price,Open,High,Low,Vol.,Change %
10/15/2023,666.15,668,677.65,654.2,10.63M,-0.14%
10/08/2023,667.1,620.8,669,613.7,57.86M,0.0717
10/01/2023,622.45,632.6,632.65,608.3,30.32M,-1.23%
09/24/2023,630.2,623.85,633,612.25,34.36M,0.0157
09/17/2023,620.45,635.9,647,619,38.71M,-2.18%
09/10/2023,634.25,634.65,639,615.25,52.95M,0.0112
09/03/2023,627.25,615.6,628.9,605.6,46.18M,0.0263
08/27/2023,611.2,605.4,614.9,599.05,40.95M,0.0101
08/20/2023,605.1,617,626.5,593.3,49.53M,-1.74%
08/13/2023,615.8,612,622,594.5,52.36M,0.0065
08/06/2023,611.8,619,628.3,598,94.58M,-0.52%
07/30/2023,615,640.2,652.9,613.3,55.45M,-3.20%
07/23/2023,635.3,627.95,665.4,626.25,78.91M,0.0153
07/16/2023,625.75,626.9,631,607,49.82M,0.0014
07/09/2023,624.9,624,634.8,615.5,63.34M,0.0108
07/02/2023,618.2,600,624.8,584.95,62.19M,0.038
06/25/2023,595.55,560,599,557.8,45.60M,0.0641
06/18/2023,559.65,570.65,585.9,557.7,54.09M,-1.78%
06/11/2023,569.8,565.5,575,560.8,8.74M,0.0133
06/04/2023,562.3,539,576.55,537.9,82.15M,0.0493
05/28/2023,535.9,525,541.25,516.4,48.86M,0.0337
05/21/2023,518.45,524.95,531,509.1,49.79M,-1.24%
05/14/2023,524.95,523.85,537.15,504.75,100.11M,0.0174
05/07/2023,515.95,480,520.5,478.1,87.04M,0.0814
04/30/2023,477.1,482.5,486.4,474.55,30.55M,-1.62%
04/23/2023,484.95,471.2,488,468.3,39.73M,0.0292
04/16/2023,471.2,471,483.35,465.8,56.96M,0.0036
04/09/2023,469.5,452.05,473.3,452,91.24M,0.0728
04/02/2023,437.65,423,439.3,419.5,26.68M,0.04
03/26/2023,420.8,416,421.75,400.45,38.50M,0.0103
03/19/2023,416.5,415.6,422.5,405.5,39.89M,-0.60%
03/12/2023,419,436.1,437,405,46.16M,-3.87%
03/05/2023,435.85,430.95,442.05,430,35.27M,0.0183
02/26/2023,428,427.75,430.5,413.05,41.38M,0.0006
02/19/2023,427.75,441.8,445.3,427,43.06M,-2.76%
02/12/2023,439.9,445.5,448.25,434.4,41.38M,-1.33%
02/05/2023,445.85,444.45,447.8,431.2,46.64M,0.0009
01/29/2023,445.45,445.6,461.5,437.65,91.68M,-0.03%
01/22/2023,445.6,407,453.4,405,129.65M,0.1053
01/15/2023,403.15,413.5,419.45,400.1,74.14M,-2.03%
01/08/2023,411.5,386.35,420.5,385,113.87M,0.0772
01/01/2023,382,392.5,398.35,381,55.21M,-1.53%
12/25/2022,387.95,380.25,397.45,375.2,64.62M,0.0254
12/18/2022,378.35,421.9,422.85,377,68.57M,-10.26%
12/11/2022,421.6,412,427.8,408,82.53M,0.0201
12/04/2022,413.3,435.5,437.5,409.55,52.91M,-5.08%
11/27/2022,435.4,435,443.6,429.55,51.32M,0.0051
11/20/2022,433.2,425.6,435.15,420,48.01M,0.0222
11/13/2022,423.8,424,438.5,419.6,62.37M,0.0007
11/06/2022,423.5,428.25,441.2,409.2,75.08M,-0.43%
10/30/2022,425.35,414.35,426,411.6,62.95M,0.0377
10/23/2022,409.9,406,411.7,400.15,47.96M,0.0298
10/16/2022,398.05,394,406.95,392.5,53.43M,0.0045
10/09/2022,396.25,403.4,409.2,391.1,87.30M,-3.86%
10/02/2022,412.15,405.5,417.65,395.5,56.54M,0.0187
09/25/2022,404.6,416,417.9,390.35,114.96M,-4.37%
09/18/2022,423.1,431.5,443.35,420.55,70.67M,-2.17%
09/11/2022,432.5,447.7,458.95,429.1,61.33M,-3.01%
09/04/2022,445.9,459.75,463.95,440,73.58M,-3.43%
08/28/2022,461.75,451,474.4,450.15,50.26M,-0.71%
08/21/2022,465.05,468.5,470.45,447.6,67.55M,-1.26%
08/14/2022,471,479.6,494.4,468.1,61.45M,-1.37%
08/07/2022,477.55,466,485,463.35,50.18M,0.0264
07/31/2022,465.25,451.95,481,451.05,111.73M,0.0348
07/24/2022,449.6,456,457.6,427.4,86.53M,-1.17%
07/17/2022,454.9,443.95,460.75,443.2,71.17M,0.0334
07/10/2022,440.2,438.05,441.75,423.3,58.84M,-0.31%
07/03/2022,441.55,411.55,443.85,405,81.84M,0.0699
06/26/2022,412.7,417.55,424,402.3,73.21M,0.0083
06/19/2022,409.3,390.55,412.85,376.65,85.54M,0.0523
06/12/2022,388.95,414.9,420.9,382.65,99.35M,-9.13%
06/05/2022,428.05,427.9,440.4,422,60.85M,-0.89%
05/29/2022,431.9,437,449.5,430.5,78.26M,0.0054
05/22/2022,429.6,421.65,433.25,405,78.99M,0.0278
05/15/2022,418,411.9,427.35,396.2,111.29M,0.0339
05/08/2022,404.3,407.15,419.35,366.2,168.77M,-1.04%
05/01/2022,408.55,437.95,442.95,407,71.26M,-6.64%
04/24/2022,437.6,432.75,447.75,423.15,77.88M,-0.28%
04/17/2022,438.85,430,449.35,417,76.09M,0.0181
04/10/2022,431.05,457,458.9,430.1,53.86M,-4.65%
04/03/2022,452.05,444.4,462.7,441.3,108.43M,0.0247
03/27/2022,441.15,432,442.5,426.5,87.25M,0.0209
03/20/2022,432.1,435.5,447,421.2,106.39M,-0.39%
03/13/2022,433.8,418.75,435.7,404,142.32M,0.0374
03/06/2022,418.15,401.75,434.95,376.35,260.04M,0.0022
02/27/2022,417.25,445,458.5,414.75,128.63M,-9.24%
02/20/2022,459.75,490.15,500.4,405.45,174.40M,-6.77%
02/13/2022,493.15,487,511.5,467.3,116.38M,-1.14%
02/06/2022,498.85,502.9,510.5,479.15,77.28M,-0.35%
01/30/2022,500.6,505,520,493,117.56M,0.0066
01/23/2022,497.3,499.7,509.35,467.65,96.26M,-0.91%
01/16/2022,501.85,514.8,528.5,494.25,105.41M,-1.58%
01/09/2022,509.9,493.1,515.4,491.3,97.95M,0.0393
01/02/2022,490.6,493.5,500.85,477.1,104.37M,0.017
12/26/2021,482.4,465.7,483.6,460.1,73.15M,0.0317
12/19/2021,467.6,459.9,478,440,102.18M,-0.55%
12/12/2021,470.2,499.45,506.4,468.2,96.83M,-4.90%
12/05/2021,494.45,480.1,498.5,466,90.86M,0.0299
11/28/2021,480.1,457,484.7,443.1,148.51M,0.0432
11/21/2021,460.2,512.25,512.25,458,155.64M,-9.71%
11/14/2021,509.7,506.25,536.7,501.3,169.57M,0.0052
11/07/2021,507.05,493.9,520.65,490.25,158.80M,0.0354
10/31/2021,489.7,486.45,510,469.8,114.38M,0.0124
10/24/2021,483.7,493.9,510,467.7,177.73M,-1.47%
10/17/2021,490.9,507,525,471.25,280.55M,-1.35%
10/10/2021,497.6,390.15,530,388,512.34M,0.2994
10/03/2021,382.95,336.8,397.55,335,343.65M,0.149
09/26/2021,333.3,323.15,337.9,323.15,164.69M,0.0483
09/19/2021,317.95,304.9,326.95,293.1,150.22M,0.0303
09/12/2021,308.6,299,315.35,295.5,117.61M,0.0323
09/05/2021,298.95,297.5,303.5,290.9,79.89M,0.0115
08/29/2021,295.55,290.1,297.4,286.1,118.77M,0.0343
08/22/2021,285.75,287.2,289.2,268.45,124.97M,0.0094
08/15/2021,283.1,305.95,307.85,281,90.47M,-7.86%
08/08/2021,307.25,300.75,311.5,286.45,121.54M,0.024
08/01/2021,300.05,299.15,306.45,292.75,113.23M,0.0208
07/25/2021,293.95,295,300,283.6,207.10M,-0.54%
07/18/2021,295.55,308.95,310.3,295,103.79M,-5.04%
07/11/2021,311.25,310.8,315.45,306.1,128.65M,0.0162
07/04/2021,306.3,347.05,358.2,301.85,430.83M,-11.19%
06/27/2021,344.9,340.8,347.4,337.55,104.83M,0.0155
06/20/2021,339.65,330.9,344.3,326.2,119.58M,0.0067
06/13/2021,337.4,350.05,360.75,329,180.24M,-3.81%
06/06/2021,350.75,339.75,358.9,337.5,229.22M,0.0472
05/30/2021,334.95,318.7,336.9,312.1,152.52M,0.0508
05/23/2021,318.75,314.75,324.5,310.2,174.09M,0.018
05/16/2021,313.1,315.4,336.65,306.1,351.12M,0.0027
05/09/2021,312.25,304.5,334.75,304,304.62M,0.0314
05/02/2021,302.75,289.3,305.95,285,189.99M,0.0303
04/25/2021,293.85,297,310,292.55,183.06M,-0.05%
04/18/2021,294,295,308.15,290.5,241.71M,-5.16%
04/11/2021,310,307.85,315,280.55,372.81M,-2.58%
04/04/2021,318.2,306.8,325,297.2,306.21M,0.034
03/28/2021,307.75,300.5,309.85,292.7,147.92M,0.0383
03/21/2021,296.4,306.45,312.25,282.25,343.60M,-4.06%
03/14/2021,308.95,320,321.9,290.2,315.28M,-2.71%
03/07/2021,317.55,331.75,331.75,309.6,263.63M,-2.34%
02/28/2021,325.15,330,357,319.7,427.51M,0.0068
02/21/2021,322.95,312.45,334.7,302.15,398.27M,0.0356
02/14/2021,311.85,329.9,337.9,301.4,326.25M,-4.16%
02/07/2021,325.4,318.75,339.25,318,420.92M,0.0301
01/31/2021,315.9,269.75,341.9,255.35,866.36M,0.2025
01/24/2021,262.7,296.9,299.5,259.05,558.53M,-9.21%
01/17/2021,289.35,261.65,306.9,241.15,1.12B,0.1116
01/10/2021,260.3,199.9,264.65,199.65,1.07B,0.3137
01/03/2021,198.15,191.8,201.5,185.05,335.37M,0.0625
12/27/2020,186.5,179.85,188.45,179,284.22M,0.06
12/20/2020,175.95,176,178,156.7,316.35M,-2.55%
12/13/2020,180.55,181,184,173.25,205.80M,0.0095
12/06/2020,178.85,184.45,186.45,176.4,193.68M,-2.88%
11/29/2020,184.15,182.35,188.8,178.1,218.32M,0.0211
11/22/2020,180.35,169.5,183.85,165.55,321.65M,0.0665
11/15/2020,169.1,148.7,178.8,148,442.58M,0.1554
11/08/2020,146.35,140.6,153.85,138.7,276.37M,0.0529
11/01/2020,139,133.65,142.3,131.1,244.03M,0.0479
10/25/2020,132.65,138.4,143.25,130,415.52M,-3.18%
10/18/2020,137,129.8,138.9,126.35,217.41M,0.0724
10/11/2020,127.75,139.65,139.65,126,250.60M,-7.73%
10/04/2020,138.45,136.95,145.8,132.05,363.63M,0.0371
09/27/2020,133.5,128.9,136.5,127.5,214.55M,0.0491
09/20/2020,127.25,147.75,147.75,122.15,354.48M,-13.96%
09/13/2020,147.9,147.2,154.3,145.5,306.84M,0.0249
09/06/2020,144.3,150,152,135.7,409.02M,-2.37%
08/30/2020,147.8,144.5,155.2,138.2,500.05M,0.035
08/23/2020,142.8,122,146.85,120.8,595.66M,0.1811
08/16/2020,120.9,124.5,127.6,120.15,260.63M,-2.97%
08/09/2020,124.6,119.95,132.65,119.7,342.56M,0.0462
08/02/2020,119.1,103,119.7,102.9,506.63M,0.1381
07/26/2020,104.65,104,108.75,101.3,205.67M,0.0087
07/19/2020,103.75,106.35,109.75,102.7,226.63M,-2.49%
07/12/2020,106.4,108.85,112.1,100.6,264.93M,-1.12%
07/05/2020,107.6,105,112.6,104.2,352.89M,0.0401
06/28/2020,103.45,101.4,106.35,97.3,280.31M,0.0202
06/21/2020,101.4,102.35,110.8,100.35,382.18M,-1.07%
06/14/2020,102.5,104.65,104.65,91.8,590.06M,-2.66%
06/07/2020,105.3,114,119.15,98,448.95M,-4.92%
05/31/2020,110.75,88.9,112.45,88,546.39M,0.273
05/24/2020,87,83.9,88.15,82.6,272.98M,0.0507
05/17/2020,82.8,84.5,85.65,79.6,212.50M,-1.84%
05/10/2020,84.35,81.45,92.5,81.4,383.17M,0.0407
05/03/2020,81.05,87,87.2,80.35,268.55M,-13.08%
04/26/2020,93.25,75.9,93.75,74.8,274.09M,0.2567
04/19/2020,74.2,76.85,83.4,72.55,330.63M,-3.45%
04/12/2020,76.85,76,78.7,71,257.79M,0.0302
04/05/2020,74.6,68.55,76.25,65.4,236.93M,0.1424
03/29/2020,65.3,68.8,71.65,64.8,154.96M,-7.64%
03/22/2020,70.7,70,75.9,63.5,264.10M,-8.54%
03/15/2020,77.3,85.6,87.65,68.75,369.86M,-13.87%
03/08/2020,89.75,109,109.85,78.05,442.40M,-21.41%
03/01/2020,114.2,133,133.9,112.8,467.66M,-11.44%
02/23/2020,128.95,154,155.9,127.05,285.83M,-18.64%
02/16/2020,158.5,170.4,171.35,153.05,218.88M,-6.27%
02/09/2020,169.1,173.2,176.2,168,192.50M,-2.59%
02/02/2020,173.6,175.4,184.95,159.55,358.16M,-1.70%
01/26/2020,176.6,185.7,192.55,174.9,276.52M,-5.31%
01/19/2020,186.5,198,201.45,183.8,137.61M,-5.47%
01/12/2020,197.3,194.75,201.7,191.4,155.21M,0.0048
01/05/2020,196.35,191,199,180.2,186.53M,0.0275
12/29/2019,191.1,177.2,195.65,176.3,224.65M,0.0849
12/22/2019,176.15,176.85,179,174.1,78.63M,0.0011
12/15/2019,175.95,177,184.5,170.45,230.61M,-0.42%
12/08/2019,176.7,162,183.95,157.4,237.49M,0.0941
12/01/2019,161.5,160.95,172.2,157.4,172.20M,0.00%
11/24/2019,161.5,160.7,169.3,159.9,117.80M,-0.52%
11/17/2019,162.35,172.1,172.1,160.55,100.97M,-3.68%
11/10/2019,168.55,169.2,176,165.5,111.17M,-0.30%
11/03/2019,169.05,171.6,178.9,167.6,183.56M,-3.43%
10/27/2019,175.05,139.5,179.65,139.5,436.69M,0.38
10/20/2019,126.85,133.35,135.6,125.7,188.65M,-7.31%
10/13/2019,136.85,122.6,144.35,122.5,289.94M,0.1282
10/06/2019,121.3,120.25,122.2,115.45,152.39M,0.0138
09/29/2019,119.65,120.65,123.8,112.65,173.21M,-0.21%
09/22/2019,119.9,135,138.4,118.2,232.00M,-10.02%
09/15/2019,133.25,128,137.75,120.5,281.89M,0.0286
09/08/2019,129.55,119,135.35,117.35,289.04M,0.0685
09/01/2019,121.25,113.05,122.3,106,256.78M,0.039
08/25/2019,116.7,114.55,124,106.8,282.99M,0.0509
08/18/2019,111.05,121.2,124.8,106.2,241.30M,-8.49%
08/11/2019,121.35,123.8,126.3,117.35,100.90M,-0.57%
08/04/2019,122.05,128,128.2,116.5,182.65M,-6.62%
07/28/2019,130.7,146.9,146.9,127,184.60M,-11.18%
07/21/2019,147.15,155.45,159.3,138.1,163.50M,-4.97%
07/14/2019,154.85,159,172.35,153.85,122.20M,-2.79%
07/07/2019,159.3,159.35,162.85,149.1,114.41M,-0.56%
06/30/2019,160.2,163.7,169.4,159.5,88.39M,-1.45%
06/23/2019,162.55,158.7,168,156.2,86.74M,0.023
06/16/2019,158.9,163.75,164.15,152.15,96.19M,-3.23%
06/09/2019,164.2,170.9,172.2,163.5,79.46M,-3.13%
06/02/2019,169.5,170.5,177.2,167.25,70.06M,-1.80%
05/26/2019,172.6,181.75,185.3,170,92.84M,-5.32%
05/19/2019,182.3,181.45,192,173.5,158.95M,0.0308
05/12/2019,176.85,186.2,187.15,167.4,120.10M,-4.87%
05/05/2019,185.9,204,204.5,182.3,150.83M,-11.24%
04/28/2019,209.45,216.2,218.65,203.05,80.43M,-2.85%
04/21/2019,215.6,235,239.35,214,152.75M,-8.74%
04/14/2019,236.25,217.15,239.3,217.15,141.39M,0.094
04/07/2019,215.95,206,219.2,198.15,186.49M,0.0526
03/31/2019,205.15,176.35,209.5,176.35,302.33M,0.1773
03/24/2019,174.25,173.7,177.05,167.55,60.72M,-0.66%
03/17/2019,175.4,181,184.7,174.9,44.06M,-2.56%
03/10/2019,180,182,186,177.6,87.33M,-0.66%
03/03/2019,181.2,183.8,198.35,180,135.67M,0.005
02/24/2019,180.3,175.15,186.1,172.5,106.37M,0.0344
02/17/2019,174.3,162.8,175.3,159.2,67.47M,0.0783
02/10/2019,161.65,150.15,162.3,145.85,92.73M,0.0727
02/03/2019,150.7,181,185,129,152.66M,-17.04%
01/27/2019,181.65,173.3,185.9,169.4,59.28M,0.0485
01/20/2019,173.25,184.3,184.95,171.95,52.07M,-5.48%
01/13/2019,183.3,180.3,198.3,177.45,60.51M,0.0166
01/06/2019,180.3,173.2,187.75,173.2,101.90M,0.0547
12/30/2018,170.95,172.45,174.2,165.1,55.61M,0.0006
12/23/2018,170.85,176.25,177.85,167.6,47.32M,-3.06%
12/16/2018,176.25,167.25,180.5,167.25,97.64M,0.0557
12/09/2018,166.95,159.9,168.4,154.65,70.40M,0.028
12/02/2018,162.4,173.25,178.75,160.8,69.48M,-5.55%
11/25/2018,171.95,183.9,184.55,170.35,73.30M,-5.81%
11/18/2018,182.55,180.6,188.3,179.1,44.87M,0.0147
11/11/2018,179.9,194.45,194.45,176.25,87.54M,-7.86%
11/04/2018,195.25,191.3,200.75,186.65,76.43M,0.026
10/28/2018,190.3,169.95,191.85,167.7,100.73M,0.1294
10/21/2018,168.5,176.4,176.85,164.6,77.19M,-3.55%
10/14/2018,174.7,186.5,187.8,174,43.83M,-4.93%
10/07/2018,183.75,217.8,218.5,170.3,227.62M,-15.03%
09/30/2018,216.25,225,232.8,214.75,43.21M,-3.33%
09/23/2018,223.7,250.2,251,219.5,67.36M,-10.65%
09/16/2018,250.35,263.35,264.1,228.85,47.41M,-6.10%
09/09/2018,266.6,276,282,258.85,59.93M,-3.89%
09/02/2018,277.4,271.4,279.9,255.4,80.38M,0.037
08/26/2018,267.5,257,268.25,256.5,38.45M,0.047
08/19/2018,255.5,261.85,274.7,255,72.45M,-1.06%
08/12/2018,258.25,249.25,260.1,243.1,53.32M,0.0326
08/05/2018,250.1,259.95,261.8,249.55,64.37M,-3.23%
07/29/2018,258.45,267.75,271.65,250,97.58M,-3.62%
07/22/2018,268.15,254.95,269.7,251.1,49.61M,0.0582
07/15/2018,253.4,260.5,260.8,247.3,42.75M,-3.87%
07/08/2018,263.6,274.6,277,262.7,40.02M,-2.68%
07/01/2018,270.85,276,276.05,252.55,75.41M,0.0058
06/24/2018,269.3,306.3,306.3,261.85,100.47M,-12.56%
06/17/2018,308,302.9,312.8,302.1,37.01M,0.0167
06/10/2018,302.95,310.9,313.9,300.55,44.62M,-2.26%
06/03/2018,309.95,292.5,315.55,283.6,88.13M,0.0792
05/27/2018,287.2,293.75,300,281.6,74.60M,-2.36%
05/20/2018,294.15,304.75,317.25,284.1,111.79M,-3.43%
05/13/2018,304.6,333,333,303.5,57.59M,-7.92%
05/06/2018,330.8,337.85,347.25,330,49.55M,-1.08%
04/29/2018,334.4,338.5,351.65,329.15,35.49M,-0.74%
04/22/2018,336.9,335.95,339.5,326,49.03M,0.0027
04/15/2018,336,350.8,352.8,332.5,59.09M,-5.90%
04/08/2018,357.05,361.9,368.6,350.5,42.46M,-1.94%
04/01/2018,364.1,335,372.35,332.7,86.20M,0.114
03/25/2018,326.85,328.8,335.8,324.3,26.71M,-1.21%
03/18/2018,330.85,341.2,342.25,329.6,39.12M,-2.62%
03/11/2018,339.75,345,358.4,338.4,36.78M,-0.51%
03/04/2018,341.5,368.75,368.75,340.15,52.34M,-7.89%
02/25/2018,370.75,362,376.6,362,31.74M,0.0293
02/18/2018,360.2,373.7,374.7,357.5,35.89M,-2.85%
02/11/2018,370.75,373.4,382.3,367.6,34.40M,0.0054
02/04/2018,368.75,381,398,356.5,69.15M,-3.91%
01/28/2018,383.75,402.5,405.9,381.3,35.19M,-4.13%
01/21/2018,400.3,419.05,424.4,398,37.93M,-4.25%
01/14/2018,418.05,438.05,440.05,410.1,33.35M,-4.36%
01/07/2018,437.1,432,443.5,431.3,33.94M,0.0127
12/31/2017,431.6,430.95,441.4,422,47.35M,-0.06%
12/24/2017,431.85,422,433.45,416,21.03M,0.0233
12/17/2017,422,399,427.75,389.3,36.47M,0.0417
12/10/2017,405.1,412,415.5,398.2,26.65M,-1.47%
12/03/2017,411.15,405.8,413.75,395,43.05M,0.0307
11/26/2017,398.9,423,424.75,396.5,52.10M,-6.25%
11/19/2017,425.5,421,433,420.1,31.18M,0.0088
11/12/2017,421.8,423,427.5,407,41.20M,-0.18%
11/05/2017,422.55,445.75,468,420,107.00M,-5.62%
10/29/2017,447.7,428.25,449.35,427.3,37.58M,0.0414
10/22/2017,429.9,429.1,434.35,415.05,27.85M,0.0069
10/15/2017,426.95,426.3,438,424.25,20.47M,0.0051
10/08/2017,424.8,424,432.1,409.35,26.21M,-0.01%
10/01/2017,424.85,428,428,412.7,27.28M,0.0582
09/24/2017,401.5,413.65,415.3,397.4,29.13M,-2.50%
09/17/2017,411.8,411.85,427.7,403.2,59.08M,0.025
09/10/2017,401.75,380,406.75,374.2,42.36M,0.0712
09/03/2017,375.05,393,396.05,374.05,34.28M,-4.04%
08/27/2017,390.85,385.85,392.85,374.45,24.89M,0.0174
08/20/2017,384.15,382,385.95,371.3,18.94M,0.0099
08/13/2017,380.4,380,392.45,372.6,31.06M,0.0158
08/06/2017,374.5,438.6,439.8,358.5,67.26M,-14.03%
07/30/2017,435.6,446.25,452.35,429.6,22.23M,-2.30%
07/23/2017,445.85,464.95,468.35,440.3,31.57M,-4.04%
07/16/2017,464.6,455,465.9,452.6,17.14M,0.0295
07/09/2017,451.3,460,464.5,442.55,27.67M,0.0331
07/02/2017,436.85,431.5,441.45,426,25.65M,0.0099
06/25/2017,432.55,443.8,446.8,428.05,26.74M,-2.39%
06/18/2017,443.15,453.8,470.75,442.4,33.08M,-2.76%
06/11/2017,455.75,463.75,465.25,446.95,22.45M,-2.43%
06/04/2017,467.1,478.3,484.35,453.5,24.40M,-2.43%
05/28/2017,478.75,482.5,487,471.8,20.07M,-0.49%
05/21/2017,481.1,446,488.25,442.6,66.65M,0.0851
05/14/2017,443.35,434,452.5,430.1,22.46M,0.029
05/07/2017,430.85,424.75,434.5,417.25,23.54M,0.0268
04/30/2017,419.6,456.6,457.2,418,26.92M,-8.56%
04/23/2017,458.9,439.8,462,438.75,36.26M,0.0415
04/16/2017,440.6,452,455.75,437.6,24.08M,-2.81%
04/09/2017,453.35,471.65,478.35,451.2,22.25M,-3.19%
04/02/2017,468.3,468.25,480.55,466.65,23.03M,0.0053
03/26/2017,465.85,469,475,462.1,29.96M,-0.97%
03/19/2017,470.4,476.55,478.2,458.5,25.21M,-1.28%
03/12/2017,476.5,481,484.2,468.45,23.76M,0.0158
03/05/2017,469.1,462.5,475.9,461.15,26.11M,0.0199
02/26/2017,459.95,464,467.9,448,40.35M,-0.52%
02/19/2017,462.35,451.5,466.7,449,29.55M,0.0208
02/12/2017,452.95,512.7,512.7,434.35,79.93M,-11.11%
02/05/2017,509.55,527.9,531.45,502,26.44M,-2.50%
01/29/2017,522.6,542,544.5,518,26.86M,-3.57%
01/22/2017,541.95,523.2,552,523,18.39M,0.0358
01/15/2017,523.2,518.65,535.6,517,27.08M,0.0162
01/08/2017,514.85,499.4,524,492.15,27.38M,0.0344
01/01/2017,497.75,472,507.95,469.05,27.48M,0.0546
12/25/2016,472,465.5,475,455.6,18.59M,0.0136
12/18/2016,465.65,470.9,478.55,460,22.02M,-1.59%
12/11/2016,473.15,461.95,486.25,451.05,90.93M,0.0195
12/04/2016,464.1,436,468.55,428.3,31.85M,0.0721
11/27/2016,432.9,451.25,466.3,431.15,40.13M,-4.30%
11/20/2016,452.35,468,475.3,443.15,36.17M,-4.01%
11/13/2016,471.25,484.9,484.9,450,42.41M,-7.11%
11/06/2016,507.3,513,549.35,500,43.25M,-0.98%
10/30/2016,512.3,534.4,537.9,501.6,26.07M,-4.60%
10/23/2016,537,544,564,510.75,41.65M,-1.38%
10/16/2016,544.5,557.85,557.85,541.5,17.26M,-2.09%
10/09/2016,556.1,571.1,571.1,537,19.06M,-1.70%
10/02/2016,565.7,539.4,567.3,539,29.55M,0.0577
09/25/2016,534.85,549.95,549.95,516.65,33.35M,-3.29%
09/18/2016,553.05,553.8,562.95,544,30.63M,0.0079
09/11/2016,548.7,551,568.2,544.1,35.61M,-4.28%
09/04/2016,573.25,556.35,598.4,556.35,46.84M,0.0426
08/28/2016,549.85,522.5,555.9,515.4,52.54M,0.0915
08/21/2016,503.75,509.1,515.35,486,40.00M,-1.23%
08/14/2016,510,512.95,517.9,503.3,21.45M,-1.32%
08/07/2016,516.8,518.2,522.6,495.1,28.32M,0.0008
07/31/2016,516.4,506.8,518.7,475.5,33.79M,0.0262
07/24/2016,503.2,505.5,513.35,498.75,26.10M,-0.79%
07/17/2016,507.2,495,508.45,489.7,30.07M,0.0267
07/10/2016,494,472.1,501.7,472.1,37.97M,0.0594
07/03/2016,466.3,467,474.85,454.1,29.19M,0.0183
06/26/2016,457.9,451.8,464.75,433,49.17M,0.0189
06/19/2016,449.4,464.75,489.9,421.25,76.46M,-3.23%
06/12/2016,464.4,451,465.75,436.7,39.92M,0.0163
06/05/2016,456.95,457.8,470.25,450.2,47.96M,0.0066
05/29/2016,453.95,404.8,464.9,401.3,162.25M,0.1239
05/22/2016,403.9,388.55,405,380.1,45.12M,0.0506
05/15/2016,384.45,393.8,396.7,381.6,43.79M,-1.41%
05/08/2016,389.95,400.35,405.2,376.1,50.00M,-2.19%
05/01/2016,398.7,407.95,422,380.1,45.42M,-2.36%
04/24/2016,408.35,417.6,425.25,403.05,30.30M,-2.07%
04/17/2016,417,407.65,420.5,400.65,28.37M,0.0202
04/10/2016,408.75,373.95,411.75,373.9,26.90M,0.1004
04/03/2016,371.45,385.95,391,369,32.98M,-2.16%
03/27/2016,379.65,375.5,393.6,361.5,44.15M,0.007
03/20/2016,377,367.25,381.5,365.75,24.00M,0.0299
03/13/2016,366.05,359.9,370.7,353.3,43.93M,0.0333
03/06/2016,354.25,346.5,355.9,336,29.36M,0.0313
02/28/2016,343.5,303.2,348.75,290.25,57.51M,0.1382
02/21/2016,301.8,320,324.75,296.2,50.11M,-5.15%
02/14/2016,318.2,297.9,324.2,297.7,66.41M,0.0665
02/07/2016,298.35,334.95,334.95,265.8,84.40M,-11.50%
01/31/2016,337.1,338.75,344.7,317.05,37.75M,0.0006
01/24/2016,336.9,345.5,345.5,324.2,37.94M,-0.77%
01/17/2016,339.5,341,357.2,323,48.87M,-0.53%
01/10/2016,341.3,343.9,369.8,339.35,50.36M,-3.41%
01/03/2016,353.35,400,400.1,338.1,42.49M,-12.08%
12/27/2015,401.9,384.9,403,373,30.18M,0.051
12/20/2015,382.4,379.1,384.75,377.2,16.34M,0.011
12/13/2015,378.25,369.75,387,360.5,46.33M,0.0008
12/06/2015,377.95,402.9,406.95,375.3,37.33M,-5.50%
11/29/2015,399.95,419.9,429.6,398.7,37.32M,-4.24%
11/22/2015,417.65,400.35,431.9,396.5,35.07M,0.0367
11/15/2015,402.85,401,413.5,394.2,31.76M,-0.27%
11/08/2015,403.95,374,417.5,373.05,46.95M,0.0197
11/01/2015,396.15,386.1,412.8,380.8,51.31M,0.0291
10/25/2015,384.95,386.45,396.8,382.2,39.54M,0.0051
10/18/2015,383,384,395.75,376.25,38.35M,-0.83%
10/11/2015,386.2,356.5,390.95,351.1,63.47M,0.0835
10/04/2015,356.45,302.5,359.2,302.5,74.86M,0.1971
09/27/2015,297.75,304.4,304.4,279.1,46.31M,-1.86%
09/20/2015,303.4,326.85,334.9,301.6,35.05M,-8.13%
09/13/2015,330.25,348.9,350.9,326.85,31.89M,-4.16%
09/06/2015,344.6,327.8,358.9,316.3,39.36M,0.0672
08/30/2015,322.9,340,348.75,316,38.68M,-5.04%
08/23/2015,340.05,317,342.55,301.6,66.28M,0.023
08/16/2015,332.4,354.4,362.3,327.75,34.45M,-6.43%
08/09/2015,355.25,384,395.3,345.1,53.14M,-9.70%
08/02/2015,393.4,386.35,396,373.2,39.25M,0.0249
07/26/2015,383.85,384.25,390.5,366.1,42.47M,-1.64%
07/19/2015,390.25,399,403.4,385,34.76M,-1.96%
07/12/2015,398.05,406.7,406.7,380.95,46.73M,-0.96%
07/05/2015,401.9,428,435.7,394.25,48.80M,-7.21%
06/28/2015,433.15,428.8,447.4,418.15,27.94M,-1.02%
06/21/2015,437.6,435,447.4,428.1,30.88M,0.0105
06/14/2015,433.05,426,447.5,418.1,35.60M,0.0267
06/07/2015,421.8,435.3,449.4,417.25,45.07M,-4.59%
05/31/2015,442.1,482.9,482.9,434.7,39.75M,-8.21%
05/24/2015,481.65,513,514,463.55,46.09M,-6.41%
05/17/2015,514.65,517.25,524.4,503.55,25.70M,-1.01%
05/10/2015,519.9,522.25,530.95,506.55,22.16M,0.0121
05/03/2015,513.7,511.75,516,482.6,26.91M,0.0107
04/26/2015,508.25,521,533.8,506.75,23.19M,-1.54%
04/19/2015,516.2,543.15,543.15,508.45,21.83M,-3.58%
04/12/2015,535.35,563,563.9,534.15,13.76M,-4.85%
04/05/2015,562.65,563.9,573.5,552.25,18.56M,0.0067
03/29/2015,558.9,531.15,560.39,525.71,13.64M,0.0552
03/22/2015,529.67,542.23,551.88,512.65,27.56M,-2.24%
03/15/2015,541.79,553.12,572.86,535.26,21.17M,-1.92%
03/08/2015,552.42,564.94,567.51,542.38,19.48M,-2.16%
03/01/2015,564.64,591.06,594.62,561.67,18.14M,-0.77%
02/22/2015,569.05,575.82,578.25,551.43,18.40M,-0.82%
02/15/2015,573.75,562.96,586.26,554.7,19.86M,0.0254
02/08/2015,559.55,544.16,565.34,535.56,23.88M,0.0106
02/01/2015,553.66,581.56,605.9,546.34,32.93M,-4.37%
01/25/2015,578.94,589.72,601.25,574.44,25.57M,-0.56%
01/18/2015,582.2,520.91,584.88,517.6,31.05M,0.1192
01/11/2015,520.17,513,530.31,505.82,24.11M,0.0066
01/04/2015,516.76,504.69,520.42,484.01,33.56M,0.0205
12/28/2014,506.37,480,511.91,480,12.88M,0.0549
12/21/2014,480,480.94,496.13,473.87,16.24M,-0.15%
12/14/2014,480.74,489.65,496.47,463.68,24.03M,-2.81%
12/07/2014,494.64,519.53,524.87,487.97,22.29M,-4.83%
11/30/2014,519.77,534.12,534.12,516.46,18.89M,-1.53%
11/23/2014,527.84,525.36,533.28,506.07,26.76M,0.0047
11/16/2014,525.36,514.48,544.86,514.48,24.23M,0.0135
11/09/2014,518.34,525.12,531.2,511.61,17.08M,-1.77%
11/02/2014,527.69,524.97,538.18,515.72,11.86M,-0.47%
10/26/2014,530.16,511.51,532.78,496.92,20.21M,0.0392
10/19/2014,510.18,482.72,514.98,479.46,16.20M,0.0838
10/12/2014,470.75,484.8,495.78,463.03,25.32M,-3.43%
10/05/2014,487.47,497.41,516.95,484.16,20.72M,-2.00%
09/28/2014,497.41,504.69,510.13,493.95,14.46M,-1.64%
09/21/2014,505.68,509.53,536.84,487.12,33.03M,-1.50%
09/14/2014,513.39,506.57,523.39,486.18,26.11M,0.0033
09/07/2014,511.71,502.61,515.42,497.56,34.36M,0.0221
08/31/2014,500.63,520.42,524.87,497.81,36.37M,-3.63%
08/24/2014,519.48,511.51,526.01,491.08,18.23M,0.0264
08/17/2014,506.12,483.86,516.46,483.71,33.96M,0.0556
08/10/2014,479.46,434.93,480.69,432.36,36.34M,0.1194
08/03/2014,428.31,437.61,453.04,425.83,27.77M,-1.61%
07/27/2014,435.33,451.66,465.06,433.35,40.34M,-4.58%
07/20/2014,456.21,471.2,483.02,451.56,20.82M,-2.99%
07/13/2014,470.26,440.28,472.43,437.9,20.08M,0.0658
07/06/2014,441.22,468.97,479.56,439.09,24.08M,-5.01%
06/29/2014,464.47,429.39,469.22,424.5,32.70M,0.0858
06/22/2014,427.76,431.77,444.09,425.54,18.99M,-1.30%
06/15/2014,433.4,431.87,440.28,422.62,24.25M,-0.05%
06/08/2014,433.6,434.84,450.57,430.38,29.10M,-0.19%
06/01/2014,434.44,410.6,435.82,406.19,38.16M,0.0579
05/25/2014,410.65,433.35,448.93,402.73,41.60M,-3.77%
05/18/2014,426.72,451.16,452.94,420.49,32.56M,-4.13%
05/11/2014,445.08,422.86,460.06,421.97,28.71M,0.0523
05/04/2014,422.96,404.21,424.55,404.21,16.79M,0.0307
04/27/2014,410.35,418.61,418.61,399.91,14.45M,-2.01%
04/20/2014,418.76,420.39,430.09,417.82,14.97M,-1.36%
04/13/2014,424.55,421.08,426.03,404.71,15.39M,0.013
04/06/2014,419.1,400.75,433.15,396.6,23.33M,0.0446
03/30/2014,401.2,396.74,413.56,392.44,22.80M,0.0207
03/23/2014,393.08,386.85,400.65,382.55,27.22M,0.0209
03/16/2014,385.02,389.82,393.13,374.73,23.10M,-1.04%
03/09/2014,389.08,400.11,402.33,378.94,23.62M,-3.87%
03/02/2014,404.76,410.6,416.24,400.11,28.12M,-1.88%
02/23/2014,412.52,392.84,413.76,389.37,28.31M,0.0523
02/16/2014,392,387.89,393.58,380.17,31.80M,0.0191
02/09/2014,384.67,361.13,385.86,354.2,43.80M,0.0794
02/02/2014,356.38,343.32,359.15,328.58,40.11M,0.0305
01/26/2014,345.84,359.15,363.6,341.83,35.19M,-5.63%
01/19/2014,366.47,367.11,384.87,364.89,22.09M,0.0019
01/12/2014,365.78,368.7,375.42,362.91,27.62M,0.0074
01/05/2014,363.11,363.6,368.45,359.89,21.67M,0.0119
12/29/2013,358.85,370.18,374.78,356.18,17.50M,-2.47%
12/22/2013,367.95,369.83,374.43,364.09,14.50M,-0.48%
12/15/2013,369.73,364.09,372.5,358.65,33.54M,0.009
12/08/2013,366.42,398.23,398.33,355.19,48.31M,-5.26%
12/01/2013,386.75,393.78,399.56,381.85,30.11M,-1.96%
11/24/2013,394.47,373.2,400.75,373.2,29.95M,0.0656
11/17/2013,370.18,383.88,391.55,368.05,31.24M,-3.33%
11/10/2013,382.94,375.97,384.13,354.3,39.22M,0.0076
11/03/2013,380.07,382.89,396.69,367.31,34.29M,-0.12%
10/27/2013,380.52,373.15,384.87,370.13,28.31M,0.0222
10/20/2013,372.26,375.97,387.35,364.19,29.05M,-0.89%
10/13/2013,375.62,382,389.13,366.67,32.68M,-1.47%
10/06/2013,381.21,346.29,385.47,339.85,52.58M,0.1007
09/29/2013,346.33,334.51,360.93,326.5,29.32M,0.0292
09/22/2013,336.49,334.07,343.76,327.59,30.95M,0.0052
09/15/2013,334.76,335.4,351.08,321.4,38.48M,0.0129
09/08/2013,330.5,316.7,349.6,316.7,41.07M,0.0511
09/01/2013,314.43,292.86,320.91,288.95,36.76M,0.062
08/25/2013,296.07,298.3,305.72,283.26,39.73M,-0.57%
08/18/2013,297.76,303.94,305.47,275.59,48.66M,-4.14%
08/11/2013,310.62,279.01,320.96,273.12,57.74M,0.1261
08/04/2013,275.84,287.17,298.79,268.92,50.29M,-4.01%
07/28/2013,287.37,284.94,294.49,275.05,26.92M,0.0017
07/21/2013,286.87,290.88,300.03,284.25,30.12M,-1.60%
07/14/2013,291.52,287.71,294.44,277.77,29.39M,0.0073
07/07/2013,289.4,285.83,291.18,277.82,39.22M,-1.25%
06/30/2013,293.06,275.05,295.13,274.06,38.40M,0.053
06/23/2013,278.31,281.98,284.6,260.31,62.60M,-2.00%
06/16/2013,284,293.65,297.41,279.16,42.55M,-3.29%
06/09/2013,293.65,298.35,300.58,277.13,38.55M,-1.69%
06/02/2013,298.7,306.46,314.43,294.84,33.15M,-3.64%
05/26/2013,309.97,283.56,316.11,282.12,45.51M,0.0875
05/19/2013,285.04,302.36,312.84,279.85,40.13M,-5.03%
05/12/2013,300.13,302.41,308.64,292.26,31.40M,-1.84%
05/05/2013,305.77,281.98,306.71,279.85,33.08M,0.0821
04/28/2013,282.57,291.52,297.81,281.53,30.93M,-3.61%
04/21/2013,293.16,280.24,294.84,274.06,28.94M,0.0491
04/14/2013,279.45,267.53,281.38,260.01,35.10M,0.0265
04/07/2013,272.23,255.11,278.41,250.51,46.63M,0.0782
03/31/2013,252.49,264.12,265.9,249.13,47.47M,-5.18%
03/24/2013,266.29,270.55,274.95,263.52,32.58M,-0.44%
03/17/2013,267.48,286.82,286.92,262.29,50.04M,-7.13%
03/10/2013,288.01,301.17,304.68,286.92,41.33M,-4.18%
03/03/2013,300.58,285.93,308.14,282.72,54.70M,0.0534
02/24/2013,285.34,293.65,298.05,277.57,54.42M,-1.54%
02/17/2013,289.79,301.42,305.97,286.77,36.98M,-3.79%
02/10/2013,301.22,286.92,308.69,284.94,41.98M,0.0668
02/03/2013,282.37,289.94,293.75,281.04,40.14M,0.0133
01/27/2013,278.66,297.81,312.55,265.4,56.50M,-6.43%
01/20/2013,297.81,325.61,326.5,278.81,69.74M,-8.38%
01/13/2013,325.06,327.73,330.11,315.12,41.82M,-0.56%
01/06/2013,326.89,314.43,333.82,309.28,49.05M,0.0476
12/30/2012,312.05,306.22,318.34,306.22,29.62M,0.0172
12/23/2012,306.76,298.2,310.67,293.95,35.71M,0.0356
12/16/2012,296.22,289.79,305.92,288.01,48.42M,0.025
12/09/2012,289,280.34,291.08,270.3,58.50M,0.0362
12/02/2012,278.91,270.1,284.45,266.44,50.84M,0.0309
11/25/2012,270.55,259.22,280.99,258.97,108.26M,0.0497
11/18/2012,257.74,262.43,267.48,253.28,35.14M,-1.70%
11/11/2012,262.19,275.99,280.89,260.21,28.77M,-5.56%
11/04/2012,277.62,267.13,282.47,262.29,59.28M,0.0391
10/28/2012,267.18,259.32,269.11,242.4,45.40M,0.0327
10/21/2012,258.72,264.66,265.85,256.35,18.91M,-2.79%
10/14/2012,266.15,267.78,270.5,258.23,32.75M,-0.83%
10/07/2012,268.37,278.46,280.69,262.39,38.61M,-3.31%
09/30/2012,277.57,265.16,279.5,217.12,43.70M,0.0486
09/23/2012,264.71,271.88,276.93,255.86,47.35M,-2.87%
09/16/2012,272.53,273.37,286.23,264.91,61.21M,0.0191
09/09/2012,267.43,242.6,269.11,240.03,56.24M,0.111
09/02/2012,240.72,233.69,241.56,222.66,43.92M,0.0384
08/26/2012,231.81,243.29,244.08,227.36,36.08M,-4.78%
08/19/2012,243.44,238.54,247.25,238.54,38.02M,0.0244
08/12/2012,237.65,228.65,240.72,221.33,42.60M,0.0356
08/05/2012,229.49,224.1,243.39,223.7,75.88M,0.0498
07/29/2012,218.61,214.1,227.26,213.06,43.95M,0.0381
07/22/2012,210.59,218.56,218.65,200.9,46.35M,-4.72%
07/15/2012,221.03,234.98,235.77,216.08,43.27M,-5.32%
07/08/2012,233.45,235.67,245.76,231.76,49.52M,-1.95%
07/01/2012,238.1,237.21,241.11,232.06,53.19M,-0.74%
06/24/2012,239.88,245.76,249.23,230.28,53.86M,-1.88%
06/17/2012,244.48,240.42,248.53,231.76,66.57M,0.0283
06/10/2012,237.75,238.44,241.41,223.21,62.39M,0.0046
06/03/2012,236.66,218.01,237.4,214.94,85.43M,0.0652
05/27/2012,222.17,267.83,280.1,220.19,123.76M,-16.54%
05/20/2012,266.19,257.44,268.92,254.17,38.53M,0.0352
05/13/2012,257.14,295.83,297.46,253.28,66.18M,-12.64%
05/06/2012,294.34,294.74,306.71,284.05,50.14M,-1.43%
04/29/2012,298.6,306.71,314.13,292.17,36.86M,-3.47%
04/22/2012,309.33,313.14,316.5,304.43,35.35M,-1.26%
04/15/2012,313.29,286.67,317.35,283.81,68.34M,0.0945
04/08/2012,286.23,274.06,291.47,270.8,35.70M,0.0386
04/01/2012,275.59,276.93,279.01,272.38,21.15M,0.012
03/25/2012,272.33,269.81,273.66,262.98,45.80M,0.0093
03/18/2012,269.81,284.5,289.4,261.3,78.03M,-4.88%
03/11/2012,283.66,280,294.69,274.11,58.40M,0.0216
03/04/2012,277.67,264.17,278.96,259.62,46.26M,0.0486
02/26/2012,264.81,265.06,275.84,252.64,63.00M,0.0083
02/19/2012,262.63,272.28,273.07,260.41,64.85M,-3.10%
02/12/2012,271.04,254.57,289.59,251.06,109.93M,0.0645
02/05/2012,254.62,247.84,259.12,242.94,67.53M,0.0392
01/29/2012,245.02,235.67,250.02,228.94,82.75M,0.0325
01/22/2012,237.3,218.56,238.84,214.2,72.20M,0.0947
01/15/2012,216.77,203.81,219.05,201.79,95.52M,0.0493
01/08/2012,206.58,199.71,210.94,196.1,70.54M,0.0255
01/01/2012,201.44,179.03,203.57,176.9,83.99M,0.1394
12/25/2011,176.8,184.03,186.65,174.92,41.79M,-3.38%
12/18/2011,182.99,170.17,185.36,167.45,79.92M,0.0728
12/11/2011,170.57,185.06,185.81,165.72,78.01M,-5.79%
12/04/2011,181.06,188.82,193.67,178.19,51.42M,-4.63%
11/27/2011,189.86,172.65,190.7,167.75,76.70M,0.1166
11/20/2011,170.03,167.45,177.89,158.45,91.60M,0.0091
11/13/2011,168.49,182.1,183.53,165.18,80.89M,-6.14%
11/06/2011,179.52,187.49,189.91,178.58,45.13M,-3.54%
10/30/2011,186.1,203.32,203.32,183.43,97.60M,-9.05%
10/23/2011,204.61,180.71,205.79,180.71,52.01M,0.1608
10/16/2011,176.26,181.06,189.17,175.27,78.09M,-1.06%
10/09/2011,178.14,157.31,187.98,157.21,104.85M,0.1313
10/02/2011,157.46,152.37,158.65,143.21,50.60M,0.0199
09/25/2011,154.39,145.93,161.17,140.74,66.30M,0.0626
09/18/2011,145.29,158.3,165.13,144.45,75.77M,-9.27%
09/11/2011,160.13,144.4,161.76,136.09,86.18M,0.0579
09/04/2011,151.36,148.01,156.92,146.69,67.95M,0.0135
08/28/2011,149.35,140.89,151.04,140.49,54.01M,0.0805
08/21/2011,138.22,141.57,147.79,137.25,91.73M,-1.94%
08/14/2011,140.96,160.7,162.24,138.94,65.43M,-10.95%
08/07/2011,158.3,172.36,172.55,155.15,102.96M,-10.07%
07/31/2011,176.03,188.97,191.34,172.15,54.14M,-6.17%
07/24/2011,187.61,196.69,200.47,186,40.55M,-4.90%
07/17/2011,197.27,204.8,207.07,190.51,51.42M,-3.50%
07/10/2011,204.42,208.56,214,198.87,44.25M,-1.99%
07/03/2011,208.56,199.66,212.58,198.57,57.67M,0.0596
06/26/2011,196.83,189.37,200.4,188.03,57.39M,0.0292
06/19/2011,191.24,194.22,194.7,183.15,65.54M,-1.48%
06/12/2011,194.11,201.04,201.59,192.77,60.24M,-3.79%
06/05/2011,201.76,200.15,206.51,198.55,57.33M,-0.41%
05/29/2011,202.59,216.67,218,200.7,79.69M,-5.97%
05/22/2011,215.46,228.35,232.51,214.1,79.87M,-6.83%
05/15/2011,231.25,237.45,241.37,225.99,50.19M,-3.50%
05/08/2011,239.64,237.26,244.22,231.3,42.55M,0.0093
05/01/2011,237.44,245.66,246.16,223.8,41.10M,-2.98%
04/24/2011,244.74,244.61,256.58,240.22,29.23M,-0.56%
04/17/2011,246.11,244.86,249.88,235.15,32.51M,0.0064
04/10/2011,244.55,244.97,251.11,238.42,25.24M,-1.39%
04/03/2011,248,245.37,257.97,244.77,44.20M,0.0093
03/27/2011,245.72,235.87,249.5,235.36,49.12M,0.0489
03/20/2011,234.26,223.42,235.85,220.67,43.07M,0.0594
03/13/2011,221.12,228.55,233.44,220.24,47.59M,-3.88%
03/06/2011,230.05,228.55,232.8,221.82,54.92M,-1.12%
02/27/2011,232.65,220.63,236.36,208.76,90.62M,0.0586
02/20/2011,219.78,238.44,239.17,205.53,96.44M,-7.87%
02/13/2011,238.55,236.17,248.91,235.84,73.42M,0.055
02/06/2011,226.11,225.8,231.52,208.27,91.27M,-0.71%
01/30/2011,227.73,220.63,235.46,210.34,100.13M,0.0005
01/23/2011,227.62,234.96,237.35,222.02,55.89M,-3.12%
01/16/2011,234.96,234.97,239.15,228.65,61.32M,0.0042
01/09/2011,233.97,235.67,246.74,225.69,116.04M,-0.65%
01/02/2011,235.51,262.72,264.17,229.54,61.09M,-9.03%
12/26/2010,258.89,258.03,261.38,247.74,65.88M,0.0017
12/19/2010,258.46,263.57,271.98,257.66,64.27M,-3.03%
12/12/2010,266.54,248.53,270.78,247.98,73.31M,0.0797
12/05/2010,246.87,262.19,273.47,239.83,156.35M,-5.10%
11/28/2010,260.15,230.71,266.48,226.57,117.95M,0.1271
11/21/2010,230.81,238.64,249.46,225.18,91.22M,-1.90%
11/14/2010,235.28,246.75,250.41,232.78,74.87M,-4.59%
11/07/2010,246.6,247.35,266.74,245.68,98.32M,0.001
10/31/2010,246.35,233.42,247.76,226.58,48.17M,0.0742
10/24/2010,229.34,228.61,239.43,225.8,59.16M,0.0088
10/17/2010,227.33,226.57,235.08,224.05,54.62M,-0.63%
10/10/2010,228.76,221.23,236.46,218.85,64.01M,0.0482
10/03/2010,218.25,222.79,227.74,216.28,66.22M,-1.01%
09/26/2010,220.47,215.79,228.55,211.04,90.10M,0.0385
09/19/2010,212.3,205.78,219.45,205.2,72.75M,0.0361
09/12/2010,204.9,202.07,213.51,201.3,106.88M,0.0203
09/05/2010,200.82,201.76,209.85,199.59,41.82M,0.0011
08/29/2010,200.6,198.67,204.2,193.96,79.76M,0.0232
08/22/2010,196.06,201.81,203.06,194.53,82.32M,-2.41%
08/15/2010,200.91,201.21,209.45,196.43,103.37M,0.0019
08/08/2010,200.53,177.83,204.8,175.56,239.26M,0.134
08/01/2010,176.84,168.98,178.45,165.23,83.04M,0.056
07/25/2010,167.47,166.41,172,161.88,66.74M,0.0095
07/18/2010,165.9,163.64,167.59,160.08,53.88M,0.0072
07/11/2010,164.71,153.75,165.4,152.82,92.70M,0.0801
07/04/2010,152.5,151.37,154.29,148.09,70.19M,0.0056
06/27/2010,151.65,152.37,157.08,150.15,68.64M,-0.33%
06/20/2010,152.15,160.08,162.92,151.52,85.42M,-4.10%
06/13/2010,158.66,151.97,160.68,148.29,104.79M,0.0482
06/06/2010,151.36,149.6,152.94,143.1,139.49M,-0.86%
05/30/2010,152.68,149.18,153.52,142.58,117.57M,0.0295
05/23/2010,148.31,142.47,153.1,132.58,162.73M,0.0559
05/16/2010,140.46,159.69,159.69,133.86,164.50M,-13.04%
05/09/2010,161.52,156.72,165.6,151.49,100.79M,0.0702
05/02/2010,150.93,172.35,174.67,150.01,114.50M,-12.59%
04/25/2010,172.67,167.6,173.84,138.51,130.84M,0.0333
04/18/2010,167.1,151.62,169.13,151.06,146.49M,0.0761
04/11/2010,155.28,160.27,160.27,150.6,126.64M,-3.08%
04/04/2010,160.21,154.97,161.14,149.6,88.82M,0.0411
03/28/2010,153.88,149.02,154.34,145.45,90.42M,0.0372
03/21/2010,148.36,153.75,154.99,141.33,122.69M,-4.33%
03/14/2010,155.07,149.4,157.46,148.8,71.02M,0.03
03/07/2010,150.56,158.3,161.69,150.16,132.13M,-4.20%
02/28/2010,157.16,142.47,164.18,142.47,148.52M,0.1167
02/21/2010,140.73,140.49,142.6,130.87,88.82M,0.0163
02/14/2010,138.47,137.31,142.87,134.66,59.42M,0.0174
02/07/2010,136.1,133.58,137.33,125.4,54.28M,0.0232
01/31/2010,133.01,136.08,146.43,130.23,94.20M,-3.20%
01/24/2010,137.4,153.99,154.94,132.87,72.56M,-10.76%
01/17/2010,153.96,157.05,162.02,149.2,62.49M,-2.40%
01/10/2010,157.75,158.1,158.99,152.78,67.67M,0.0094
01/03/2010,156.28,156.3,167.15,153.25,105.78M,-0.22%
12/27/2009,156.63,155.33,158.22,152.56,57.60M,0.0151
12/20/2009,154.3,145.84,155.9,142.55,59.16M,0.0625
12/13/2009,145.23,140.49,146.42,135.45,86.44M,0.031
12/06/2009,140.87,139.7,144.23,137.55,66.92M,0.0033
11/29/2009,140.4,126.21,147.21,124.88,134.30M,0.1276
11/22/2009,124.51,127.91,131.29,120.71,96.57M,-1.98%
11/15/2009,127.02,123.08,129.99,121.79,86.94M,0.0355
11/08/2009,122.67,113.56,125.95,111.76,127.90M,0.0877
11/01/2009,112.78,111.5,116.5,107.68,95.90M,0.0047
10/25/2009,112.25,105.66,113.76,102.6,233.47M,0.0717
10/18/2009,104.74,112.83,117.14,103.99,78.64M,-8.63%
10/11/2009,114.63,108.52,116.98,106.66,87.44M,0.0617
10/04/2009,107.97,97.95,118.73,97.95,114.25M,-5.91%
09/27/2009,114.75,117.76,120.11,114.19,35.68M,-2.28%
09/20/2009,117.43,118.62,122.86,116.77,77.63M,-1.08%
09/13/2009,118.71,104.57,122.63,104.57,140.30M,0.0902
09/06/2009,108.89,100.98,114.31,100.78,180.08M,0.0826
08/30/2009,100.58,95.39,104.96,94.1,183.40M,0.0364
08/23/2009,97.05,87.07,100.07,86.73,158.27M,0.1331
08/16/2009,85.65,88.28,91.22,82.62,131.27M,-7.42%
08/09/2009,92.51,83.31,94.21,77.81,239.52M,0.1273
08/02/2009,82.06,83.7,97.43,73.65,238.09M,-1.63%
07/26/2009,83.42,73.91,84.1,70.56,231.28M,0.1307
07/19/2009,73.78,63.32,74.72,61.17,119.85M,0.1807
07/12/2009,62.49,53.21,62.93,50.28,93.90M,0.1672
07/05/2009,53.54,60.15,60.89,52.53,114.70M,-10.05%
06/28/2009,59.52,67.08,67.28,56.61,158.50M,-11.60%
06/21/2009,67.33,69.85,72.19,63.64,111.21M,-1.54%
06/14/2009,68.38,69.65,70.18,62.9,79.88M,-3.27%
06/07/2009,70.69,78.12,79.72,69.45,108.91M,-8.21%
05/31/2009,77.01,68.98,79.88,65.96,137.48M,0.1553
05/24/2009,66.66,68.86,69.85,63.72,118.66M,-2.57%
05/17/2009,68.42,56.4,74.18,53.64,159.96M,0.3035
05/10/2009,52.49,53.82,54.42,48.78,80.51M,-1.28%
05/03/2009,53.17,49.51,55.11,48.92,124.09M,0.1022
04/26/2009,48.24,51.05,51.42,43.96,85.96M,-3.85%
04/19/2009,50.17,45.73,50.56,45.2,151.39M,0.0752
04/12/2009,46.66,45.31,58.35,45.13,202.89M,0.0397
04/05/2009,44.88,41.3,47.43,38.98,123.53M,0.1136
03/29/2009,40.3,36.61,41.23,33.39,170.73M,0.0781
03/22/2009,37.38,32.65,38.19,30.69,211.38M,0.174
03/15/2009,31.84,32.4,36.39,31.5,128.23M,-0.50%
03/08/2009,32,27.7,32.45,26.75,50.00M,0.1662
03/01/2009,27.44,28.91,30.45,26.74,74.60M,-7.11%
02/22/2009,29.54,26.42,31.02,25.73,84.36M,0.116
02/15/2009,26.47,27.56,28.27,25.33,34.98M,-2.90%
02/08/2009,27.26,27.7,28.51,26.42,47.21M,0.0018
02/01/2009,27.21,29.3,29.3,25.57,53.51M,-8.11%
01/25/2009,29.61,27.64,30.87,26.94,31.33M,0.1082
01/18/2009,26.72,30.47,30.64,25.77,47.76M,-11.73%
01/11/2009,30.27,33.03,33.21,28.69,44.35M,-7.71%
01/04/2009,32.8,36.61,37.4,31.11,52.11M,-5.86%
12/28/2008,34.84,30.77,36.09,28.61,58.51M,0.1308
12/21/2008,30.81,35.42,37.97,30.53,44.33M,-12.99%
12/14/2008,35.41,31.06,36.85,30.52,65.30M,0.1671
12/07/2008,30.34,31.42,34.22,28.89,57.65M,0.0013
11/30/2008,30.3,27.41,31.58,24.78,52.23M,0.1185
11/23/2008,27.09,26.32,28,25.37,33.72M,0.0293
11/16/2008,26.32,27.7,29.09,24.7,55.71M,-3.06%
11/09/2008,27.15,31.67,33.94,26.86,54.14M,-13.04%
11/02/2008,31.22,36.37,40.53,29.68,107.43M,-6.94%
10/26/2008,33.55,32.27,35.16,25.92,49.16M,0.0429
10/19/2008,32.17,49.49,52.32,31.66,41.76M,-33.22%
10/12/2008,48.17,59.36,62.33,47.49,37.93M,-16.73%
10/05/2008,57.85,64.69,70.97,52.08,28.35M,-11.54%
09/28/2008,65.4,70.3,78.07,64.31,21.29M,-11.75%
09/21/2008,74.11,84.1,85.01,72.25,27.25M,-11.52%
09/14/2008,83.76,81.75,86.27,72.27,23.49M,0.0246
09/07/2008,81.75,85.78,85.78,79.94,25.27M,0.0158
08/31/2008,80.48,83.34,85.2,79.91,23.62M,-4.62%
08/24/2008,84.38,82.79,85.07,78.08,25.84M,0.0305
08/17/2008,81.88,83.28,85.26,78.55,16.46M,-1.08%
08/10/2008,82.77,87.12,87.56,81.43,10.98M,-1.97%
08/03/2008,84.43,75.73,86.06,74.58,24.15M,0.1149
07/27/2008,75.73,81.81,83.34,74.91,21.75M,-7.28%
07/20/2008,81.68,80.83,86.54,77.29,15.51M,0.0105
07/13/2008,80.83,76.6,83.33,73.67,12.97M,0.054
07/06/2008,76.69,75.1,79.47,71.56,22.22M,0.0001
06/29/2008,76.68,82.58,84.68,73.19,14.52M,-9.93%
06/22/2008,85.13,93.81,95.25,83.34,23.91M,-9.25%
06/15/2008,93.81,98.09,103.07,92.6,15.49M,-5.14%
06/08/2008,98.89,103.46,103.46,91.39,24.97M,-4.45%
06/01/2008,103.5,111.12,114.76,100.68,24.97M,-6.17%
05/25/2008,110.3,121.95,123.76,109.61,30.44M,-9.70%
05/18/2008,122.15,128.65,133.16,121.05,10.05M,-5.10%
05/11/2008,128.71,130.28,130.28,125.01,18.53M,0.0037
05/04/2008,128.24,134.11,134.11,126.5,21.92M,-3.21%
04/27/2008,132.49,123.39,133.16,120.13,12.87M,0.0817
04/20/2008,122.48,118.79,125.63,118.4,14.06M,0.0353
04/13/2008,118.3,118.21,121.45,115.4,11.54M,-0.80%
04/06/2008,119.26,117.83,122.81,117.68,24.07M,0.0159
03/30/2008,117.39,122.81,124.53,115.63,22.76M,-5.16%
03/23/2008,123.78,124.91,132.96,120.39,51.12M,-0.71%
03/16/2008,124.66,119.74,125.49,114.38,16.80M,0.0204
03/09/2008,122.17,128.84,134.06,117.19,23.59M,-5.08%
03/02/2008,128.71,134.18,136.4,126.07,14.57M,-4.08%
02/24/2008,134.18,134.13,137.55,131.49,26.22M,0.0061
02/17/2008,133.36,138.72,144.65,132.2,16.16M,-7.42%
02/10/2008,144.05,135.51,144.84,131.24,14.47M,0.0576
02/03/2008,136.21,146.57,150.94,133.55,18.62M,-5.65%
01/27/2008,144.36,135.07,145.61,128.37,24.18M,0.0605
01/20/2008,136.12,136.8,137.56,101.64,31.82M,-0.53%
01/13/2008,136.85,146.55,151.36,135.32,26.50M,-6.40%
01/06/2008,146.2,150.02,154.77,141.04,45.37M,-2.38%
12/30/2007,149.76,142.54,157.89,140.44,41.69M,0.0717
12/23/2007,139.74,139.29,145.61,131.81,16.12M,0.027
12/16/2007,136.06,142.51,143.64,130.51,25.68M,-4.66%
12/09/2007,142.71,147.91,150.94,141.39,20.42M,-2.92%
12/02/2007,147.01,141.01,150.19,139.55,23.28M,0.0476
11/25/2007,140.33,137.96,142.54,135.07,31.97M,0.0254
11/18/2007,136.86,135.07,141.62,129.93,21.67M,0.0247
11/11/2007,133.56,131.62,140.21,128.96,19.08M,0.0033
11/04/2007,133.12,143.69,143.69,131.62,15.65M,-7.95%
10/28/2007,144.61,156.49,160.32,138.9,47.92M,-6.21%
10/21/2007,154.19,149.25,156.49,145.61,32.71M,0.025
10/14/2007,150.43,154.61,160.38,141.97,29.95M,-2.26%
10/07/2007,153.91,149.47,161.3,142.74,43.76M,0.0312
09/30/2007,149.26,154.61,155.11,144.1,31.08M,0.0028
09/23/2007,148.85,143.65,157.49,138.23,43.66M,0.0485
09/16/2007,141.97,133.73,143.27,131.92,24.34M,0.0681
09/09/2007,132.92,131.53,135.05,130.47,19.03M,-0.20%
09/02/2007,133.18,134.88,137.56,130.67,28.51M,-0.94%
08/26/2007,134.45,127.47,136.22,123.58,50.33M,0.0688
08/19/2007,125.8,126.45,127.79,117.45,52.78M,0.0241
08/12/2007,122.84,129.32,133.83,122.31,26.11M,-4.22%
08/05/2007,128.25,124.53,130.28,120.93,29.42M,0.0199
07/29/2007,125.75,138.04,138.04,123.88,48.59M,-6.12%
07/22/2007,133.95,147.52,149.44,133.16,41.65M,-8.92%
07/15/2007,147.07,150.59,159.02,140.15,41.21M,0.0007
07/08/2007,146.96,136.23,147.93,136.23,38.70M,0.0785
07/01/2007,136.26,128.27,137.56,127.64,34.09M,0.0612
06/24/2007,128.4,131.24,132.29,126.4,22.01M,-2.07%
06/17/2007,131.11,126.07,133.73,123.17,48.99M,0.0522
06/10/2007,124.61,129.53,131.24,110.16,50.11M,-0.28%
06/03/2007,124.96,142.74,142.74,123.87,56.18M,-12.80%
05/27/2007,143.3,139.86,146.45,139.52,38.57M,0.0289
05/20/2007,139.28,141.97,142.74,124.13,42.67M,-2.00%
05/13/2007,142.12,139.61,145.03,135.86,29.72M,0.0359
05/06/2007,137.2,140.82,142.35,132.2,32.43M,-2.10%
04/29/2007,140.15,141.81,149.44,139.09,26.06M,-2.38%
04/22/2007,143.57,139.8,151.33,136.99,49.07M,0.0366
04/15/2007,138.5,140.82,145.9,134.92,37.02M,-0.47%
04/08/2007,139.15,132.2,140.05,132.2,40.95M,0.0586
04/01/2007,131.45,136.22,136.22,126.65,48.89M,-5.78%
03/25/2007,139.52,142.74,151.53,133.85,54.56M,-7.77%
03/18/2007,151.27,143.88,155.38,143.31,28.13M,0.0552
03/11/2007,143.36,145.08,149.19,135.79,28.44M,-1.17%
03/04/2007,145.06,148.31,149.9,136.43,55.01M,-2.36%
02/25/2007,148.56,157.1,162.63,144.72,37.60M,-5.09%
02/18/2007,156.53,168.6,170.32,152.31,27.52M,-6.02%
02/11/2007,166.55,178.18,178.18,159.6,40.35M,-3.95%
02/04/2007,173.4,175.11,178.18,169.58,21.24M,-0.53%
01/28/2007,174.32,177.6,178.18,166.3,20.64M,-1.92%
01/21/2007,177.73,182.97,185.8,173.7,30.66M,-2.43%
01/14/2007,182.15,181.96,186.8,178.18,28.16M,0.0101
01/07/2007,180.33,179.14,181.03,171.5,37.92M,0.0041
12/31/2006,179.6,172.83,189.37,171.5,33.37M,0.0409
12/24/2006,172.55,166.66,177.21,163.24,27.22M,0.0471
12/17/2006,164.79,164.98,171.63,158.7,36.52M,0.0022
12/10/2006,164.43,166.65,166.65,144.65,34.15M,-0.99%
12/03/2006,166.07,161.99,171.67,161.99,39.86M,0.0284
11/26/2006,161.48,158.91,173.01,153.78,34.43M,0.021
11/19/2006,158.16,155.38,161.59,151.02,29.34M,0.0182
11/12/2006,155.34,157.87,160.91,154.42,30.69M,-0.91%
11/05/2006,156.76,156.53,159.19,151.84,53.21M,0.0035
10/29/2006,156.22,171.09,172.34,154.65,61.52M,-8.04%
10/22/2006,169.87,169.56,171.28,165.92,10.87M,-0.22%
10/15/2006,170.24,175.31,176.38,168.85,18.59M,-2.59%
10/08/2006,174.77,170.9,175.78,162.85,22.94M,0.0213
10/01/2006,171.13,165.09,172.81,163.88,36.98M,0.0366
09/24/2006,165.09,160.55,166.01,160.53,35.65M,0.031
09/17/2006,160.13,166.66,167.45,157.49,35.77M,-3.90%
09/10/2006,166.62,172.62,172.8,155.43,35.14M,-3.32%
09/03/2006,172.34,166.68,173.54,166.68,32.92M,0.0425
08/27/2006,165.31,161.32,166.88,160.47,27.67M,0.0126
08/20/2006,163.25,162.85,166.3,160.62,46.39M,0.0025
08/13/2006,162.84,152.51,164.17,151.65,39.41M,0.076
08/06/2006,151.34,146.51,155.42,142.16,37.79M,0.0409
07/30/2006,145.4,141.2,151.17,137.95,33.35M,0.0416
07/23/2006,139.59,127.42,143.5,124.94,60.85M,0.0834
07/16/2006,128.84,141.74,141.74,125.56,52.79M,-9.06%
07/09/2006,141.67,148.87,151.68,140.82,47.02M,-4.07%
07/02/2006,147.68,153.66,155.3,146.39,50.01M,-3.03%
06/25/2006,152.29,143.96,157.26,138.16,58.63M,0.0228
06/18/2006,148.9,140.82,152.97,139.09,54.04M,0.0725
06/11/2006,138.83,145.99,145.99,124.58,62.19M,-4.29%
06/04/2006,145.06,152.51,155.73,136.06,54.96M,-4.14%
05/28/2006,151.33,156.34,159.86,140.05,49.97M,-2.94%
05/21/2006,155.91,163.04,175.88,131.81,72.27M,-3.68%
05/14/2006,161.86,184.5,187.76,153.85,73.36M,-12.29%
05/07/2006,184.53,186.23,191.17,179.14,43.27M,-0.55%
04/30/2006,185.55,182.97,188.68,180.13,31.96M,0.0442
04/23/2006,177.69,188.51,188.7,148.48,35.28M,-5.26%
04/16/2006,187.55,173.39,188.51,173.39,48.59M,0.0791
04/09/2006,173.8,178.12,182.74,168.6,25.60M,-2.21%
04/02/2006,177.72,179.52,186.81,174.35,38.60M,-0.45%
03/26/2006,178.53,175.11,179.52,171.86,36.74M,0.025
03/19/2006,174.18,180.1,181.44,171.67,52.73M,-3.07%
03/12/2006,179.69,173.39,180.83,168.6,67.14M,0.0467
03/05/2006,171.67,174.35,180.45,161.57,93.53M,-0.99%
02/26/2006,173.38,150.42,174.35,149.46,85.91M,0.1545
02/19/2006,150.18,148.29,153.27,147.15,49.21M,0.0136
02/12/2006,148.17,145.23,155.57,143.69,74.83M,0.0255
02/05/2006,144.49,137.35,147.62,136.45,51.72M,0.0498
01/29/2006,137.63,133.16,140.63,131.14,60.05M,0.0399
01/22/2006,132.35,125.99,133.52,122.85,33.29M,0.0453
01/15/2006,126.62,124.44,127.36,116.54,31.54M,0.0267
01/08/2006,123.33,123.58,125.82,119.17,33.27M,-0.52%
01/01/2006,123.98,125.88,130.09,122.26,33.75M,-0.97%
12/25/2005,125.19,122.04,127.5,119.2,74.08M,0.022
12/18/2005,122.49,119.01,123.33,117.08,66.06M,0.0327
12/11/2005,118.61,110.55,121.85,110.55,79.79M,0.0745
12/04/2005,110.39,108.8,110.91,104.51,45.45M,0.0153
11/27/2005,108.73,109.97,112.96,104.99,69.46M,-1.08%
11/20/2005,109.92,105.56,110.24,84.49,50.14M,0.0509
11/13/2005,104.6,97.71,104.99,97.1,44.34M,0.0629
11/06/2005,98.41,92.59,98.86,92.59,60.09M,0.0684
10/30/2005,92.11,89.09,93.5,88.55,25.02M,0.0415
10/23/2005,88.44,98.67,100.67,87.43,68.45M,-9.99%
10/16/2005,98.26,102.52,104.03,93.91,74.89M,-4.04%
10/09/2005,102.4,105.32,107.75,101.77,36.80M,-2.17%
10/02/2005,104.67,102.5,110.45,102.5,57.11M,0.0226
09/25/2005,102.36,99.35,105.28,97.9,60.39M,0.0427
09/18/2005,98.17,100.3,102.85,94.55,40.98M,-2.18%
09/11/2005,100.36,98.61,101.71,96.81,45.49M,0.0228
09/04/2005,98.12,94.65,98.79,93.71,29.57M,0.0394
08/28/2005,94.4,90.62,95.57,86.47,39.90M,0.0424
08/21/2005,90.56,94.78,94.78,88.99,31.44M,-3.66%
08/14/2005,94,95.8,96.94,93.11,31.16M,-1.75%
08/07/2005,95.67,96.75,97.46,89.5,69.20M,-0.67%
07/31/2005,96.32,92.67,101.81,92.11,87.72M,0.0454
07/24/2005,92.14,91.2,94.17,88.51,26.93M,0.0199
07/17/2005,90.34,89.01,91.96,87.84,28.32M,0.0167
07/10/2005,88.86,83.63,90.6,83.56,43.39M,0.066
07/03/2005,83.36,82.58,86.54,80.97,45.35M,0.0165
06/26/2005,82.01,81.43,85.55,79.51,41.82M,-0.63%
06/19/2005,82.53,80.54,83.04,79.1,45.27M,0.027
06/12/2005,80.36,81.03,82.19,79.71,27.45M,-0.79%
06/05/2005,81,83.96,84.66,80.78,31.23M,-3.56%
05/29/2005,83.99,84.49,85.22,82.44,34.67M,-0.58%
05/22/2005,84.48,82.79,86.88,82.38,38.27M,0.0204
05/15/2005,82.79,82.96,87.06,82.31,50.92M,-0.08%
05/08/2005,82.86,81.43,84.15,81.27,38.96M,0.0168
05/01/2005,81.49,79.7,82.19,78.74,44.27M,0.0287
04/24/2005,79.22,84.68,85.83,78.74,50.14M,-5.40%
04/17/2005,83.74,78.17,85.64,76.66,51.18M,0.0658
04/10/2005,78.57,79.51,82.25,78.1,51.91M,-2.99%
04/03/2005,80.99,82.86,83.15,77.61,61.97M,-2.42%
03/27/2005,83,80.43,83.34,77.21,77.58M,0.0411
03/20/2005,79.72,88.48,88.78,78.65,46.69M,-9.73%
03/13/2005,88.31,88.73,89.97,85.55,47.40M,-0.30%
03/06/2005,88.58,94.44,94.44,87.98,56.54M,-5.14%
02/27/2005,93.38,91.2,93.75,88.18,55.85M,0.0366
02/20/2005,90.08,93.59,93.59,89.28,48.58M,-1.77%
02/13/2005,91.7,97.14,98.25,79.4,55.11M,-5.04%
02/06/2005,96.57,94.26,96.94,93.15,60.95M,0.0276
01/30/2005,93.98,95.41,97.31,92.57,74.27M,-0.30%
01/23/2005,94.26,90.91,94.45,87.58,44.78M,0.0411
01/16/2005,90.54,92.35,92.62,87.17,50.59M,-2.18%
01/09/2005,92.56,95.18,95.6,88.18,56.00M,-1.96%
01/02/2005,94.41,97.69,100.77,91.96,70.60M,-2.47%
12/26/2004,96.8,97.73,99.21,94.91,46.27M,-1.35%
12/19/2004,98.12,94.17,98.86,93.35,54.59M,0.0374
12/12/2004,94.58,92.69,96.94,91.27,68.40M,0.0209
12/05/2004,92.64,95.41,96.35,90.62,75.16M,-1.86%
11/28/2004,94.4,88.9,96.34,88.72,79.05M,0.0551
11/21/2004,89.47,83.53,90.33,81.04,51.18M,0.0715
11/14/2004,83.5,83.15,86.22,82.19,44.30M,0.013
11/07/2004,82.43,80.86,83.63,80.86,56.38M,0.0231
10/31/2004,80.57,80.08,81.62,78.05,68.45M,0.009
10/24/2004,79.85,77.98,82.28,74.93,85.79M,0.0175
10/17/2004,78.48,78.32,81.31,77.34,60.74M,0.017
10/10/2004,77.17,81.58,82.22,76.32,56.39M,-4.93%
10/03/2004,81.17,80.85,84.18,80.57,99.93M,0.0149
09/26/2004,79.98,79.22,80.75,74.29,122.72M,0.0141
09/19/2004,78.87,77.81,80.4,77.79,128.00M,0.0147
09/12/2004,77.73,76.06,78.11,73.4,109.05M,0.0253
09/05/2004,75.81,73.93,77,73.81,102.05M,0.0314
08/29/2004,73.5,74.3,75.53,72.91,84.15M,0.0176
08/22/2004,72.23,73.38,74.43,71.03,121.46M,-1.41%
08/15/2004,73.26,76.64,79.89,72.86,143.28M,-4.57%
08/08/2004,76.77,81.41,83.77,76.16,180.11M,-5.76%
08/01/2004,81.46,81.52,84.09,80.3,169.28M,0.0049
07/25/2004,81.06,78.59,81.9,77.41,161.39M,0.035
07/18/2004,78.32,79.11,80.05,75.64,126.60M,-1.20%
07/11/2004,79.27,79.9,81.89,75.98,144.65M,-0.41%
07/04/2004,79.6,73.76,79.89,60.93,188.21M,0.0783
06/27/2004,73.82,73.25,75.05,71.1,181.15M,0.0136
06/20/2004,72.83,76.44,77.96,69.56,151.99M,-4.35%
06/13/2004,76.14,74.53,77.56,73.19,116.13M,0.0099
06/06/2004,75.39,76.04,79.67,74.91,144.08M,0.0067
05/30/2004,74.89,71.83,78.44,67.06,157.23M,0.0103
05/23/2004,74.13,81.64,85.58,73,131.92M,-7.87%
05/16/2004,80.46,76.64,91.01,57.48,138.68M,0.0137
05/09/2004,79.37,88.51,90.01,75.16,165.15M,-13.10%
05/02/2004,91.34,90.58,94.07,86.31,140.45M,0.0092
04/25/2004,90.51,97.71,97.71,89.09,103.79M,-8.94%
04/18/2004,99.4,96.23,101.14,92.61,99.75M,0.0197
04/11/2004,97.48,96.94,99.34,93.35,71.58M,0.0128
04/04/2004,96.25,96.18,99.14,93.71,74.46M,0.0119
03/28/2004,95.12,90.03,95.74,86.69,82.90M,0.0646
03/21/2004,89.35,86.22,89.82,81.45,113.71M,0.0209
03/14/2004,87.52,94.99,94.99,86.05,158.48M,-6.65%
03/07/2004,93.75,102.69,104.01,91.39,138.88M,-8.21%
02/29/2004,102.13,99.05,103.84,98.11,100.12M,0.0476
02/22/2004,97.49,105.6,106.91,94.13,198.02M,-7.84%
02/15/2004,105.78,106.32,109.26,101.95,132.92M,-0.32%
02/08/2004,106.12,102.5,106.43,84.66,133.92M,0.0411
02/01/2004,101.93,100.11,105.67,86.22,169.59M,0.0224
01/25/2004,99.7,90.1,103.55,90.1,225.26M,0.116
01/18/2004,89.34,93.88,99.41,78.17,175.29M,-4.35%
01/11/2004,93.4,94.65,98.67,85.16,115.66M,0.0453
01/04/2004,89.35,87.75,91.28,83.94,66.04M,0.0218
12/28/2003,87.44,84.49,88.2,82.4,67.35M,0.0406
12/21/2003,84.03,83.15,84.49,82.29,46.97M,0.0079
12/14/2003,83.37,80.65,84.04,79.56,103.69M,0.0367
12/07/2003,80.42,79.51,82.04,78.21,106.99M,0.0123
11/30/2003,79.44,78.79,82.67,78.79,118.00M,0.0149
11/23/2003,78.27,74.67,79.4,74.36,166.75M,0.0567
11/16/2003,74.07,70.89,75.96,70.36,194.82M,0.0583
11/09/2003,69.99,70.51,73.33,69.03,144.62M,-1.95%
11/02/2003,71.38,72.33,78.94,70.63,220.84M,-0.52%
10/26/2003,71.75,73.22,74.34,67.36,300.28M,-0.39%
10/19/2003,72.03,73,74.07,67.5,227.53M,-2.13%